id;emo_system_id;center_id;emo_system_services_id;counter;trs_id;user_id;message;status;feedback;applicant_name
1;67557;55488;51709;90957;32892;97202;mindshare;3438;Buckinghamshire neural;Assistant transition Fantastic Fresh Salad
2;15319;18294;89186;3651;70058;36064;deposit;48250;Mississippi budgetary management Bedfordshire;calculate
3;33386;34831;94659;37048;56626;28210;azure;98141;deposit;Swaziland Computer
4;29438;97177;22892;72592;39448;80896;proactive Concrete standardization;42777;firewall;architecture
5;89658;77269;25307;57389;72895;13241;Outdoors;76433;open-source Handcrafted;Soft synthesizing input
6;22947;92478;77794;81664;58324;66241;yellow Indian Rupee Ngultrum;47015;e-commerce;Mississippi
7;42676;75100;58000;74022;72421;85765;invoice extranet;90223;parse;Guadeloupe
8;88322;14904;32347;16742;94813;27254;Senior 1080p;46961;capability plug-and-play;Gorgeous
9;71610;42942;24279;25490;19553;79312;applications;29654;Ergonomic Plastic Car Rubber;Bike copy SAS
10;85740;30644;48019;72323;66668;7043;Station Granite;18777;Response discrete bleeding-edge;Credit Card Account Planner
