id;counter;trs_id;user_id;message;status;applicant_name
1;83690;2946;4986;Borders;72733;Games Refined Rubber Chips Fish
2;67842;89570;44069;Frozen;76649;Berkshire Toys
3;49493;44787;46774;Sri Lanka Rupee;18583;bricks-and-clicks
4;61276;85997;24681;Functionality interfaces;10729;Ports Club Ireland
5;14354;55863;39885;panel Industrial;96852;Strategist
6;53212;28869;91253;firewall task-force;26856;holistic Virginia olive
7;1230;25305;25654;Executive Chief Cambridgeshire;84223;withdrawal Berkshire
8;29552;47992;98576;Yen Producer;50580;Ferry Lithuanian Litas sticky
9;76244;3757;38344;Concrete Mobility navigating;96693;Congo visualize
10;31119;17253;99011;Administrator;80442;Regional
